name,email,dateofbirth,birthTime,country,timezone
John Doe,johndoe@gmail.com,1988-05-10,13:15,United States,America/New_York
Jane Smith,janesmith@gmail.com,1988-05-10,16:30,Canada,America/Toronto
Samantha Lee,samanthalee@cox.com,1988-05-10,09:45,South Korea,Asia/Seoul
Pablo Hernandez,pablohernandez@yahoo.com,1988-05-10,21:00,Mexico,America/Mexico_City
Maria Silva,mariasilva@hotmail.com,1988-05-10,14:20,Brazil,America/Sao_Paulo
Mohammed Ahmed,mohammedahmed@yahoo.com,1988-05-10,11:00,Egypt,Africa/Cairo
Sara Hassan,sarahassan@gmail.com,1988-05-10,18:30,United Arab Emirates,Asia/Dubai
Jack Johnson,jackjohnson@yahoo.com,1988-05-10,08:45,Australia,Australia/Sydney
Molly Brown,mollybrown@hotmail.com,1988-05-10,12:00,New Zealand,Pacific/Auckland
David Kim,davidkim@yahoo.com,1988-05-10,19:15,Japan,Asia/Tokyo
Sophia Lee,sophialee@cox.com,1988-05-10,20:30,Singapore,Asia/Singapore
Maria Hernandez,mariahernandez@gmail.com,1988-05-10,22:00,Chile,America/Santiago
John Smith,johnsmith@yahoo.com,1988-05-10,17:00,United Kingdom,Europe/London
Ana Rodriguez,anarodriguez@gmail.com,1988-05-10,10:45,Spain,Europe/Madrid
Peter Lee,peterlee@yahoo.com,1988-05-10,07:30,Hong Kong,Asia/Hong_Kong
Emma Wilson,emmawilson@hotmail.com,1988-05-10,14:45,Sweden,Europe/Stockholm
Juan Perez,juanperez@gmail.com,1988-05-10,18:15,Argentina,America/Argentina/Buenos_Aires
Liam Chen,liamchen@gmail.com,1988-05-10,23:30,China,Asia/Shanghai
Isabella Hernandez,isabellahernandez@yahoo.com,1988-05-10,09:00,Colombia,America/Bogota
Ava Lee,avalee@gmail.com,1988-05-10,15:30,Switzerland,Europe/Zurich
Ryan Davis,ryandavis@gmail.com,1988-05-10,12:15,Denmark,Europe/Copenhagen
Ethan Johnson,ethanjohnson@yahoo.com,1988-05-10,16:45,Norway,Europe/Oslo
Chloe Martinez,chloemartinez@hotmail.com,1988-05-10,08:00,Mexico,America/Mexico_City
Aiden Martinez,aidenmartinez@yahoo.com,1988-05-10,11:30,Spain,Europe/Madrid
Grace Perez,graceperez@gmail.com,1988-05-10,19:00,United States,America/Los_Angeles
Mark Johnson,markjohnson@hotmail.com,1985-02-14,09:00,United States,America/Los_Angeles
Sophie Williams,sophiewilliams@gmail.com,1990-07-02,14:45,United Kingdom,Europe/London
Pedro Hernandez,pedrohernandez@gmail.com,1982-12-21,18:30,Mexico,America/Mexico_City
Maria Silva,mariasilva@yahoo.com,1987-04-17,11:20,Brazil,America/Sao_Paulo
Chen Wei,chenwei@yahoo.com,1995-08-08,08:00,China,China/Beijing
Sara Ahmed,saraahmed@hotmail.com,1991-03-30,20:15,Egypt,Africa/Cairo
Jae-hyun Lee,jaehyunlee@gmail.com,1993-01-20,13:30,South Korea,Asia/Seoul
Ricardo Gonzalez,ricardogonzalez@gmail.com,1989-11-06,19:45,Mexico,America/Mexico_City
Linda Jones,lindajones@yahoo.com,1992-09-25,10:30,Canada,America/Toronto
Juan Ramirez,juanramirez@hotmail.com,1984-06-15,16:00,Mexico,America/Mexico_City
Maria Hernandez,mariahernandez@yahoo.com,1990-12-11,12:00,United States,America/New_York
Sarah Kim,sarahkim@hotmail.com,1986-05-09,15:30,South Korea,Asia/Seoul
Emma Brown,emmabrown@gmail.com,1983-03-17,21:00,United Kingdom,Europe/London
Alexandre Moreau,alexandremoreau@yahoo.com,1998-02-01,11:45,France,Europe/Paris
Jasmine Chen,jasminechen@gmail.com,1996-12-07,17:15,China,China/Beijing
Mohamed Khalil,mohamedkhalil@hotmail.com,1980-08-03,09:30,Egypt,Africa/Cairo
Lina Petrova,linapetrova@yahoo.com,1991-06-19,14:00,Russia,Russia/Moscow
Yuri Nakamura,yurinakamura@hotmail.com,1994-04-22,22:45,Japan,Asia/Tokyo
Jose Ramirez,joseramirez@gmail.com,1987-01-11,08:45,Mexico/America/Mexico_City
Laura Gomez,lauragomez@hotmail.com,1989-09-16,12:30,Spain/Europe/Madrid
Ming-hua Li,minghuali@yahoo.com,1985-11-04,19:00,Taiwan/Asia/Taipei
Ahmed Hassan,ahmedhassan@gmail.com,1992-07-01,14:15,Egypt,Africa/Cairo
Lucas Moreira,lucasmoreira@yahoo.com,1996-05-08,16:45,Brazil,America/Sao_Paulo
Samantha Lee,samanthalee@hotmail.com,1992-02-20,09:45,South Korea,Asia/Seoul
Pablo Hernandez,pablohernandez@yahoo.com,1985-11-12,21:00,Mexico,America/Mexico_City
Maria Silva,mariasilva@gmail.com,1991-06-01,14:20,Brazil,America/Sao_Paulo
Mohammed Ahmed,mohammedahmed@yahoo.com,1979-09-15,11:00,Egypt,Africa/Cairo
Sara Hassan,sarahassan@hotmail.com,1987-08-03,18:30,United Arab Emirates,Asia/Dubai
John Smith,johnsmith@gmail.com,1984-04-25,08:00,United States,America/New_York
Jane Doe,janedoe@yahoo.com,1989-01-30,15:45,Canada,America/Toronto
Samantha Kim,samanthakim@hotmail.com,1983-07-17,12:30,South Korea,Asia/Seoul
Pablo Rodriguez,pablorodriguez@gmail.com,1976-12-04,22:15,Mexico,America/Mexico_City
Maria Garcia,mariagarcia@yahoo.com,1982-03-09,16:10,Brazil,America/Sao_Paulo
Mohammed Ali,mohammedali@hotmail.com,1990-10-22,10:30,Egypt,Africa/Cairo
Sara Ahmed,saraahmed@gmail.com,1995-05-05,19:45,United Arab Emirates,Asia/Dubai
John Lee,johnlee@hotmail.com,1994-09-13,07:20,United States,America/New_York
Jane Kim,janekim@gmail.com,1997-11-08,14:55,Canada,America/Toronto
Samantha Park,samanthapark@yahoo.com,1990-02-14,11:45,South Korea,Asia/Seoul
Pablo Garcia,pablogarcia@hotmail.com,1979-08-29,23:30,Mexico,America/Mexico_City
Maria Santos,mariasantos@gmail.com,1993-04-17,15:40,Brazil,America/Sao_Paulo
Mohammed Hassan,mohammedhassan@hotmail.com,1986-12-31,09:15,Egypt,Africa/Cairo
Sara Ali,saraali@yahoo.com,1988-06-22,18:50,United Arab Emirates,Asia/Dubai
John Rodriguez,johnrodriguez@gmail.com,1981-03-19,06:00,United States,America/New_York
Jane Garcia,janegarcia@yahoo.com,1984-02-28,12:30,Canada,America/Toronto